USE techmarket;

INSERT INTO DISCOUNT_CODE (DISCOUNT_CODE, RATE) VALUES ('N', 0.00);
INSERT INTO DISCOUNT_CODE (DISCOUNT_CODE, RATE) VALUES ('H', 5.00);
INSERT INTO DISCOUNT_CODE (DISCOUNT_CODE, RATE) VALUES ('M', 11.00);

INSERT INTO PRODUCT_CODE (PROD_CODE, DISCOUNT_CODE, DESCRIPTION) VALUES ('SW', 'M', 'Software');
INSERT INTO PRODUCT_CODE (PROD_CODE, DISCOUNT_CODE, DESCRIPTION) VALUES ('HW', 'H', 'Hardware');

INSERT INTO MANUFACTURER (MANUFACTURER_ID, NAME, ADDRESSLINE1, ADDRESSLINE2, CITY, STATE, ZIP, PHONE, FAX, EMAIL, REP) VALUES (19985678, 'HTECHMARKETy End Searching', '5 81st Street', 'Suite 100', 'Mountain View', 'CA', '94043', '650-555-0102', '408-555-0103', 'hTECHMARKETysearching@example.com', 'John Snow');
INSERT INTO MANUFACTURER (MANUFACTURER_ID, NAME, ADDRESSLINE1, ADDRESSLINE2, CITY, STATE, ZIP, PHONE, FAX, EMAIL, REP) VALUES (19986982, 'Smith Bird Watching', '4000 Finch Circle', 'Building 14', 'Santa Clara', 'CA', '95051', '650-555-0111', '408-555-0112', 'www.sbw@example.com', 'Brian Washington');

INSERT INTO PRODUCT (PRODUCT_ID, MANUFACTURER_ID, PRODUCT_CODE, PURCHASE_COST, QUANTITY_ON_HAND, MARKUP, AVAILABLE, DESCRIPTION, IMAGE) VALUES (980001, 19985678, 'SW', 1095.00, 800000, 8.25, TRUE, 'Identity Server', 'identity_server.png');
INSERT INTO PRODUCT (PRODUCT_ID, MANUFACTURER_ID, PRODUCT_CODE, PURCHASE_COST, QUANTITY_ON_HAND, MARKUP, AVAILABLE, DESCRIPTION, IMAGE) VALUES (980005, 19986982, 'SW', 11500.99, 500, 55.25, TRUE, 'Accounting TECHMARKETlication', 'accounting.png');
INSERT INTO PRODUCT (PRODUCT_ID, MANUFACTURER_ID, PRODUCT_CODE, PURCHASE_COST, QUANTITY_ON_HAND, MARKUP, AVAILABLE, DESCRIPTION, IMAGE) VALUES (958889, 19986982, 'HW', 595.95, 0, 1.25, FALSE, '686 7Ghz Computer', 'computer.png');

INSERT INTO MICRO_MARKET (ZIP_CODE, RADIUS, AREA_LENGTH, AREA_WIDTH) VALUES ('95117', 755.778, 547.967, 468.858);

INSERT INTO USER (EMAIL, PASSWORD, IS_ADMIN) VALUES ('admin@techmarket.com', 'admin', TRUE);
INSERT INTO USER (EMAIL, PASSWORD) VALUES ('jumboeagle@example.com', 'user1');
INSERT INTO USER (EMAIL, PASSWORD) VALUES ('www.new.example.com', 'user2');

INSERT INTO CUSTOMER (CUSTOMER_ID, DISCOUNT_CODE, ZIP, NAME, ADDRESSLINE1, ADDRESSLINE2, CITY, STATE, PHONE, FAX, CREDIT_LIMIT, USER_EMAIL) VALUES (1, 'N', '95117', 'Jumbo Eagle Corp', '111 E. Las Olivas Blvd', 'Suite 51', 'Fort Lauderdale', 'FL', '305-555-0188', '305-555-0189', 100000, 'jumboeagle@example.com');
INSERT INTO CUSTOMER (CUSTOMER_ID, DISCOUNT_CODE, ZIP, NAME, ADDRESSLINE1, ADDRESSLINE2, CITY, STATE, PHONE, FAX, CREDIT_LIMIT, USER_EMAIL) VALUES (2, 'M', '95117', 'New Enterprises', '9754 Main Street', 'P.O. Box 567', 'Miami', 'FL', '305-555-0148', '305-555-0149', 50000, 'www.new.example.com');

INSERT INTO FREIGHT_COMPANY (COMPANY_ID, NAME) VALUES (1, "Poney Express");
INSERT INTO FREIGHT_COMPANY (COMPANY_ID, NAME) VALUES (2, "USPS Supply Chain Solutions");
INSERT INTO FREIGHT_COMPANY (COMPANY_ID, NAME) VALUES (3, "XPO Logistics");
INSERT INTO FREIGHT_COMPANY (COMPANY_ID, NAME) VALUES (4, "Penske Logistics");
INSERT INTO FREIGHT_COMPANY (COMPANY_ID, NAME) VALUES (5, "J.B. Hunt Transport Services");

INSERT INTO ORDER_STATUS (STATUS_CODE, DESCRIPTION) VALUES (1, "Purchased");
INSERT INTO ORDER_STATUS (STATUS_CODE, DESCRIPTION) VALUES (2, "Prepared");
INSERT INTO ORDER_STATUS (STATUS_CODE, DESCRIPTION) VALUES (3, "Sent");
INSERT INTO ORDER_STATUS (STATUS_CODE, DESCRIPTION) VALUES (4, "Received");
INSERT INTO ORDER_STATUS (STATUS_CODE, DESCRIPTION) VALUES (5, "Cancelled");

INSERT INTO PURCHASE_ORDER (ORDER_NUM, CUSTOMER_ID, SHIPPING_COST, SALES_DATE, SHIPPING_DATE, FREIGHT_COMPANY, STATUS) VALUES (10398001, 1, 449.00, '2011-05-24', '2011-05-24', 1, 4);

INSERT INTO ORDER_PRODUCT (ORDER_NUM, PRODUCT_ID, QUANTITY) VALUES (10398001, 980001, 10);
INSERT INTO ORDER_PRODUCT (ORDER_NUM, PRODUCT_ID, QUANTITY) VALUES (10398001, 958889, 6);